{"cameraMode":{"drawMode":0,"name":"Shaded","section":"Shading Mode"},"sceneLighting":true,"audioPlay":false,"sceneViewState":{"showFog":true,"showMaterialUpdate":false,"showSkybox":true,"showFlares":true,"showImageEffects":true,"showParticleSystems":true},"in2DMode":false,"pivot":{"x":0.5721645355224609,"y":1.4347758293151856,"z":-0.4663533866405487},"rotation":{"x":-0.1182859018445015,"y":0.16805492341518403,"z":-0.0203293114900589,"w":-0.9784589409828186},"size":1.6254711151123047,"orthographic":false}